-- Init users table
INSERT INTO users (id_user, name, email, age) VALUES (1, 'Franck', 'ntounga@gmail.com', 30);

-- Init formation table
INSERT INTO formation (id, title, url_img, location, lesson_count, total_minutes) values (1, 'Mise en place serveur', '/assets/img/apache.png', 'https://toungafranck.com/mise-en-place-serveur/', 13, 163);
INSERT INTO formation (id, title, url_img, location, lesson_count, total_minutes) values (2,'Jenkins', '/assets/img/jenkins.png', 'https://toungafranck.com/jenkins-3/', 15, 170);
INSERT INTO formation (id, title, url_img, location, lesson_count, total_minutes) values (3,'Elasticsearch', '/assets/img/elasticsearch.png', 'https://toungafranck.com/elastic/', 22, 240);
INSERT INTO formation (id, title, url_img, location, lesson_count, total_minutes) values (4,'Docker', '/assets/img/docker-1.png', '', 0, 0);

-- Init lesson table
insert into lesson ( title, source_url, duration, preview, id_formation) values ('1- Presentation de la formation', 'https://www.youtube.com/embed/9UYMwwXR8tQ', 7, 'Dans le cadre de la mise en place d’un environnement de développement, il est nécessaire de configurer un serveur Web. Il sera question ici de présenter les différents modules qui vous permettent d’y arriver.', 1);
insert into lesson ( title, source_url, duration, preview, id_formation) values ('2- Installation Ubuntu', 'https://www.youtube.com/embed/x7ykUoFzClQ', 9, 'Afin de ne pas avoir à souscrire à un serveur dédié, on utilisera une machine virtuelle via VirtualBox. Cet outil nous permettra de faire tourner un OS embarqué (Linux) sur notre machine', 1);
insert into lesson ( title, source_url, duration, preview, id_formation) values ('3- Les commandes Unix Part 1', 'https://www.youtube.com/embed/HV8v8ileO5w', 15, 'Découverte des commandes qui vous permettrons de naviguer aisément dans le terminal UNIX:cd, ls, mv, ln', 1);
insert into lesson ( title, source_url, duration, preview, id_formation) values ('4- Les commandes Unix Part 2', 'https://www.youtube.com/embed/NuOY10c0M30', 19, '2ème partie sur les commandes UNIX qui vous permettrons de gérer les permissions attribuées à vos fichiers, les propriétaires associés et celle qui vous permettrons de mettre à jour et d’installer de nouveaux paquets sur UNIX: chmod, chown, apt-get', 1);
insert into lesson ( title, source_url, duration, preview, id_formation) values ('5- Vim', 'https://youtube.com/embed/n3kqGo1OtXw', 6, 'Présentation du logiciel Vim. C’est un éditeur de fichier sous Unix. On verra les deux modes disponibles: La navigation et l’insertion. Ensuite une brève présentation de quelques raccourcis de base: :q, :wq!, dd, yy, p …etc', 1);
insert into lesson ( title, source_url, duration, preview, id_formation) values ('6- SSH', 'https://www.youtube.com/embed/RpljfjbxWIs', 19, 'Le SSH (Secure shell) est à la fois un programme informatique et un protocole de communication. Il permet de sécuriser les échanges lorsqu’un client se connecte à une machine à distance. Il supporte 2 modes d’authentification: par nom d’utilisateur et mot de passe ou par couple clé publique - clé privée. Présentation et utilisation du logiciel Putty.', 1);
insert into lesson ( title, source_url, duration, preview, id_formation) values ('7- Apache', 'https://www.youtube.com/embed/iXuAK3hYZcQ', 47, 'Installation et configuration du serveur Apache. Mise en place d’hôtes virtuels. Configuration des ports, Activation de modules apache. Edition de fichier .htaccess, configuration de fichier de log. Gestion des permissions apaches', 1);
insert into lesson ( title, source_url, duration, preview, id_formation) values ('8- SSL', 'https://www.youtube.com/embed/iXuAK3hYZcQ', 20, 'Génération et installation d’un certificat auto-signé. Générations de la clé privée SSL. Génération du fichier csr ( certificate signing request ). Intégration du certificat et de la clé à Apache.', 1);
insert into lesson ( title, source_url, duration, preview, id_formation) values ('9- Tomcat', 'https://www.youtube.com/embed/2pmqRSc5JFM', 22, 'Installation de Tomcat et intégration à notre Apache. Déploiement d’une application Java sur notre Tomcat. Configuration de la console admin. Mise en place de redirection et activation du mode proxy_http', 1);
insert into lesson ( title, source_url, duration, preview, id_formation) values ('10- Mysql', 'https://www.youtube.com/embed/Hy4p-rcDuOk', 19, 'Installation et configuration d’une base de données Mysql. Création d’une base de données, d’un utilisateur et mise en place de privilèges. Configuration de notre bind address. Optimisation de notre base de donées via la journalisation de requêtes lentes.', 1);
insert into lesson ( title, source_url, duration, preview, id_formation) values ('11- Iptables', 'https://www.youtube.com/embed/ZVK4d2Vv93k', 19, 'Configuration du firewall Iptables. Création d’un fichier de scripts sh pour persister les règles du parefeu. Fermeture de tous les ports. Ouvertures de ports spécifique(ssh,http..etc) et exécution du script en tant que service par défaut', 1);
insert into lesson ( title, source_url, duration, preview, id_formation) values ('12- Ufw (Uncomplicated firewall)', 'https://www.youtube.com/embed/BxkQk3eF-pM', 16, 'Installation et configuration du firewall Ufw. Utilisation du mot clé allow/deny. Mise en place et suppression des régles de base au niveau du parefeu. Configuration du firewall à partir de la liste d’application connues par ufw. Misen en places de règles plus complexes spécifiant l’adresse IP.', 1);
insert into lesson ( title, source_url, duration, preview, id_formation) values ('13- Postfix', 'https://www.youtube.com/embed/YTd3CbSigzw', 12, 'Installation et configuration de Postfix. Mise en place du nom de domain dans sa configuration d’administration lors de son installation. Configuration de notre inet_interfaces en loopback-only. On peut consolider la config grâce à un parefeu en bloquant les ports inutilisés', 1);
insert into lesson ( title, source_url, duration, preview, id_formation) values ('14- Fail2ban', 'https://www.youtube.com/embed/sc4kWEGXz5k', 23, 'Installation et configuration de Faile2ban. Mise en place de la banactions. Configuration et test des filtres ssh et apache-noscripts grâce au module fail2ban-regex. Configuration du destinaire des emails d’alertes et de l’outil responsable de leur envoi (Sendermail ou Postfix). NB: Il faut s’assurer que fournisseur d’accès ne bloque pas les connexion sortante sur son port 25 (SMTP)', 1);
insert into lesson ( title, source_url, duration, preview, id_formation) values ('15- Proftpd', 'https://www.youtube.com/embed/mufo0g4MDyE', 20, 'Installation et configuration d’un serveur Proftpd. C’est un serveur de transfert de fichiers. Creation d’utilisateurs Unix associés à notre serveur ftp. Configuration du pare feu pour permettre la transmission via le mode passif. Mise en place de l’outil quota afin de gerer l’espace mémoire allouée à chaque utilisateur.', 1);

insert into lesson (title, source_url, duration, preview, id_formation) values ('1- Introduction', 'https://www.youtube.com/embed/LPsKcJJiO9g', 3, 'Présentation du tutoriel Jenkins. Jenkins est un logiciel d’intégration et de livraison continue. Il vous permettra d’automatiser vos processus de déploiement. Voici une brève présentation de l’outil et du contenu de la formation.', 2);
insert into lesson (title, source_url, duration, preview, id_formation) values ('2- Installation', 'https://www.youtube.com/embed/v-OQDwpR3Ac', 9, 'Installation du jdk 8 de Java sur votre machine Unix. Configuration de la clé privée du dépôt Jenkins et installation. Téléchargement des plugins et création d’un utilisateur admin par défaut.', 2);
insert into lesson (title, source_url, duration, preview, id_formation) values ('3- Intégration Github et build maven', 'https://www.youtube.com/embed/OLUoRu5U5AM', 22, 'Jenkins est un outil d’intégration continue qui vous permet de rapatrier votre code source et de pouvoir lancer des build  dessus en local. Intégration de Github à Jenkins, Installation et configuration d’un Maven et d’un Jdk pour les taches de build, mise en place de hook de commit au niveau de votre système de versionning.', 2);
insert into lesson (title, source_url, duration, preview, id_formation) values ('4- Présentation des pipelines', 'https://www.youtube.com/embed/0Gg9-JRXOm0', 5, 'Présentation des pipelines Jenkins, leur utilité, leur synthax. Ensuite Présentation de leur synthaxe: scriptée et déclarative. En enfin présentation de la terminologie: pipeline, stage, steps.', 2);
insert into lesson (title, source_url, duration, preview, id_formation) values ('5- Pipeline (Synthaxe scriptée) Partie-1', 'https://www.youtube.com/embed/hIpBXnpkE68', 9, 'Implémentation de pipeline jenkins. Utilisation de la synthaxe scriptée. Définition de sa terminologie: node, stage. Utilisation de la stage view.', 2);
insert into lesson (title, source_url, duration, preview, id_formation) values ('6- Pipeline SCM (Synthaxe déclarative) Partie-2', 'https://www.youtube.com/embed/bIlDv3VqtVs', 8, 'Implémentation de pipeline via le scm github. Utilisation d’une synthaxe déclarative. Rédaction d’un jenkinsFile. Définition de quelques terminologies: pipeline, steps, agent, stage.', 2);
insert into lesson (title, source_url, duration, preview, id_formation) values ('7- Pipeline multibranch (Synthaxe déclarative) Partie-3', 'https://www.youtube.com/embed/K9pT1oN87QU', 8, 'Implémentation de pipeline multibranch via le scm github. Utilisation d’une synthaxe déclarative. Rédaction d’un jenkinsFile. Scan automatique du repo distant à la découverte de toutesl les branches.', 2);
insert into lesson (title, source_url, duration, preview, id_formation) values ('8- Variables d’environnement', 'https://www.youtube.com/embed/cfqwD4Oxgus', 9, 'Implémentation de pipeline multibranch via le scm github. Utilisation d’une synthaxe déclarative. Rédaction d’un jenkinsFile. Scan automatique du repo distant à la découverte de toutesl les branches.', 2);
insert into lesson (title, source_url, duration, preview, id_formation) values ('9- Gestion d’espace mémoire', 'https://www.youtube.com/embed/0GUYP-UzjAU', 7, 'Gestion de l’espace mémoire sur jenkins. Plafonner le nombre de builds conservés, limiter les builds par rapport à une date. Garder les anciens builds tout en ne supprimant que les artefacts de build. Monitorer l’espace disque via le plugin disk usage de Jenkins.', 2);
insert into lesson (title, source_url, duration, preview, id_formation) values ('10- Thème', 'https://www.youtube.com/embed/a_3t1mftBqc',10, 'Personnalisation de votre environnement de travail sur Jenkins. Possibilité de modifier les couleurs css, les onglets et même de rajouter des logos. L’installation se fait de 2 façons différentes: Via un fichier css téléchargé, Via l’url d’un fichier css distant', 2);

insert into lesson (title, source_url, duration, preview, id_formation) values ('1- Introduction', 'https://www.youtube.com/embed/wFMlbbkvPMI', 4, 'Ceci est une introduction sur l’outil de recherche ElasticSearch. On a une présentation de ses principales caractéristiques: Scalabilté, Architecture distribuée, Haute disponibilité. C’est un data store qui est orienté document. On verra par la suite les avantages qu’il offre.', 3);
insert into lesson (title, source_url, duration, preview, id_formation) values ('2- Contexte d’utilisation', 'https://www.youtube.com/embed/83B7w4RmKCI', 10, 'Présentation de l’environnement d’utilisation d’Elasticsearch. Vue d’ensemble sur les points forts des recherches via l’application.', 3);
insert into lesson (title, source_url, duration, preview, id_formation) values ('3- Installation', 'https://www.youtube.com/embed/4WoLWZ8HNHA', 7, 'Installation Elasticsearch sur windows. Présentation des notions de passerelles, noeud Master, plugins, etc', 3);
insert into lesson (title, source_url, duration, preview, id_formation) values ('4- Organisation de données - Disposition logique', 'https://www.youtube.com/embed/5SkmYl1GL0c', 7, 'Organisation de données sur Elasticsearch: Disposition logique. Définition des notions: Documents, Types, Mapping, Index', 3);
insert into lesson (title, source_url, duration, preview, id_formation) values ('5- Organisation de données - Disposition physique', 'https://www.youtube.com/embed/N6q0Cg4p5R8', 8, 'Organisation des données sur Elasticsearch: Structure physique.Indexation et recherche dans une architecture distribuée. Définition: Fragment, indexe lucene', 3);
insert into lesson (title, source_url, duration, preview, id_formation) values ('6- Suppression du type (version 6.0)', 'https://www.youtube.com/embed/4LiT2I2cFAY', 5, 'Depuis la version 6.0 d’Elasticsearch, les types ont étés supprimés. Définition des types Elasticsearch Comparaisons aux base de données relationnelles', 3);
insert into lesson (title, source_url, duration, preview, id_formation) values ('7- Indexation et recherche avec CURL', 'https://www.youtube.com/embed/0OTLsFEO-j0', 5, 'Tutoriel Elasticsearch: Aperçu des requêtes d’indexation et de recherche avec l’outil CURL Installation de curl: http://curl.haxx.se Installation de Cygwin: https://cygwin.com/install.html', 3);
insert into lesson (title, source_url, duration, preview, id_formation) values ('8- Installation de Sense', 'https://www.youtube.com/embed/v58L5HdfK-0', 8, 'Installation de Kibana Installation de Sense, Présentation de devtools', 3);
insert into lesson (title, source_url, duration, preview, id_formation) values ('9- Configuration des logs et de la RAM mémoire', 'https://www.youtube.com/embed/jWzEh8VjiqI', 12, 'Configuration des log elasticsearch et de ma mémoire vive Présentation des différents fichiers de logs, Configuration du fichier log4j.properties', 3);
insert into lesson (title, source_url, duration, preview, id_formation) values ('10- Mise en place d’un cluster et visualisation avec Head', 'https://www.youtube.com/embed/J7YisTWwM_8', 22, 'Mise en place d’un cluster à 3 noeuds:Explication du mécanisme de multidiffusion dans un cluster. Installation de de l’extension Head Elasticsearch sous chrome', 3);
insert into lesson (title, source_url, duration, preview, id_formation) values ('11- Types de champs - Texte/Keyword (Part I)', 'https://www.youtube.com/embed/aHN6dTTu584', 15, 'Récupération et extension du mapping, Présentation des types Texte et keyword Bref aperçu du processus d’analyse sur Elasticsearch', 3);
insert into lesson (title, source_url, duration, preview, id_formation) values ('12- Types de champs - Numérique/Booléen/Tableaux (part II)', 'https://www.youtube.com/embed/E97pEZ38PGU', 16, 'Présentation des types Numérique: byte, short, integer, long pour les entiers, et float, double pour les décimaux Tableaux: Structure de données permettant d’indexer plusieurs valeurs dans le même attribut. Champs multiples: Structure de données permettant d''indexer la même valeur plusieurs fois mais de façon différente', 3);
insert into lesson (title, source_url, duration, preview, id_formation) values ('13- Mise à jour des documents(API _update)', 'https://www.youtube.com/embed/vsSFRbBfJ6E', 16, 'Mise à jour des document Elasticseaurch. Utilisation de l’API Update. Mise à jour via des documents partiels et utilisation de script. Définition de l’attribut upsert.', 3);
insert into lesson (title, source_url, duration, preview, id_formation) values ('14- Suppresion de documents', 'https://www.youtube.com/embed/W-gE6DPULFg', 21, 'Suppression de documents sur Elasticsearch: Suppression de documents de façon individuelle (Présentation du système de gestion de version, les mécanismes de fusion des segments Lucene).', 3);
insert into lesson (title, source_url, duration, preview, id_formation) values ('15-  Recherche - Les composants de base (part-I)', 'https://www.youtube.com/embed/MbTCStwKasU', 23, 'Présentation de la recherche sur Elasticsearch. Structure d’une requête Elasticsearch. Spécifier la portée de la recherche: Cluster, index, type, aliase', 3);
insert into lesson (title, source_url, duration, preview, id_formation) values ('16-  Recherche - Query et filtre DSL(part-II)', 'https://www.youtube.com/embed/xVcPUVg0fcc', 10, 'Introduction filtre query. Différence query et filtre DSL. Définition de bitset', 3);
insert into lesson (title, source_url, duration, preview, id_formation) values ('17-  Recherche - Query-string', 'https://www.youtube.com/embed/BQ45SW2YoO8', 12, 'Présentation de la query:Query-string. format url vs body. Exemple d’utilisation', 3);
insert into lesson (title, source_url, duration, preview, id_formation) values ('18-  Recherche - Query et filtre term', 'https://www.youtube.com/embed/1Y_rACvxBaY', 6, 'Présentation query et filtre term sur Elasticsearch. Aperçu des différences. Structure d’une query Term', 3);
insert into lesson (title, source_url, duration, preview, id_formation) values ('19-  Recherche - Query terms', 'https://www.youtube.com/embed/j9Vur__9Vm0', 4, 'Présentation de la query terms sur Elasticsearch. Utilisation des options minimum_should_match. Exemple d’utilisation', 3);

-- Init tutoriel table
insert into tutoriel (id, title, url_img, location, type, available) values (1,'Nouveautés Java 8', '/assets/img/java-8.png', 'https://toungafranck.com/les-nouveautes-de-java-8-preview/', 'BOOK', true);
insert into tutoriel (id, title, url_img, location, type, available) values (2,'Protocole TLS/SSL', 'assets/img/ssl.png', 'https://toungafranck.com/le-protocole-tls-ssl/', 'GUIDE', true);
insert into tutoriel (id, title, url_img, location, type, available) values (3,'Elasticsearch', '/assets/img/elasticsearch.png', 'https://toungafranck.com/elasticsearch-3/', 'BOOK', true);
insert into tutoriel (id, title, url_img, location, type, available) values (4,'Authentification JWT', '/assets/img/jwt.png', 'https://toungafranck.com/authentification-jwt-json-web-token/', 'GUIDE', true);
insert into tutoriel (id, title, url_img, location, type, available) values (5,'Sring Data & Elastic', '/assets/img/spring-data-elastic.png', '', 'GUIDE', false);
insert into tutoriel (id, title, url_img, location, type, available) values (6,'Sring Boot & Kafka', 'assets/img/Kafka.png', '', 'GUIDE', false);
insert into tutoriel (id, title, url_img, location, type, available) values (7,'Sring & Reactor', 'assets/img/spring-reactor.jpeg', '', 'GUIDE', false);

-- Init article table
insert into article (id, title, url_img, preview, location, date_creation) values (1, 'Installation d’un cluster Elasticsearch en production', '/assets/img/elastic-blog-2.png', 'Elasticsearch est un serveur de recherche open source populaire utilisé pour la recherche distribuée en temps réel et l’analyse de données. Lorsqu’il est utilisé pour autre chose que le développement, Elasticsearch doit être déployé sur plusieurs serveurs en tant que cluster, pour des performances, une stabilité et une évolutivité optimales', 'https://toungafranck.com/2019/07/18/installation-dun-cluster-elasticsearch-en-production-ubuntu-14-04/', '2019-6-18');
insert into article (id, title, url_img, preview, location, date_creation) values (2, 'Dockeriser vos applications Spring boot', '/assets/img/docker-springboot.png', 'J’ai decouvert Docker récemment durant ma mission à Bruxelles au sein de l’acteur Buyway, leader sur le marché en solution de crédit. L’idée d’écrire une brève introduction sur le sujet m’est arrivée durant ma collaboration avec l’analyste Redouane. Dans cet article, vous apprendrez à créer une image Docker pour exécuter une application Spring Boot', 'https://toungafranck.com/2019/05/21/dockeriser-vos-applications-spring-boot/', '2019-5-21');
insert into article (id, title, url_img, preview, location, date_creation) values (3, 'Programmation reactive avec Spring 5', '/assets/img/reactive-springboot.png', 'Ces derniers temps, la programmation réactive a gagné en popularité auprès de la communauté des développeurs et des clients en raison de sa capacité à concevoir des applications de manière déclarative, et non impérative, ce qui a entraîné des applications plus réactives et résilientes.', 'https://toungafranck.com/2018/06/04/programmation-reactive-avec-spring-5/','2019-6-4');
insert into article (id, title, url_img, preview, location, date_creation) values (4, 'L’API Stripe', '/assets/img/stripe-springboot.png', 'L’air est au business sur internet. Qui dit business dit paiement. C’est à ce niveau que les choses se corsent pour les développeurs. De nombreuses plateformes existent sur le marché et choisir la bonne implémentation n’est pas souvent chose aisée du fait du manque de documentation', 'https://toungafranck.com/2018/05/22/lapi-stripe/', '2019-5-22');
insert into article (id, title, url_img, preview, location, date_creation) values (5, 'JWT – JSON WEB TOKEN', '/assets/img/JWT-1.png', 'Introduction L’utilisation d’API tièrces au sein d’applications est devenue monnaie courante. Ceci est dû au fait que les applications ne peuvent plus compter sur leurs propres données. Pour qu’un projet puisse voir son potentiel décuplé, il doit pouvoir avoir des applications tierces, s’interopérer avec ces dernières et avoir facilement accès à ses données', 'https://toungafranck.com/2018/03/19/jwt-json-web-token/', '2019-3-19');
insert into article (id, title, url_img, preview, location, date_creation) values (6, 'Introduction au data binding ANGULAR 1 VS ANGULAR 2', '/assets/img/data-binding.png', 'En prévision de la formation sur angular 5, prévue en fin avril 2018, dans la NG-ACADEMY, j’ai décidé de me pencher sur un des concepts de base d’angular: le data binding. Il existe plusieurs façons de lier des données dans Angular: interpolation, liaison unidirectionnelle (one way binding), liaison bidirectionnelle(two way binding) et liaison d’événement(event binding)', 'https://toungafranck.com/2018/03/06/2076-data-binding-in-angular/', '2019-3-6');

